<?xml version="1.0" encoding="UTF-8" standalone="yes"?>
<addon id="script.deaths.themepak" version="1.0.4" name="DS Themepak" provider-name="MR Blamo">
    <requires>
        <import addon="kodi.resource" version="1.0.0"/>
    </requires>
    <extension point="kodi.resource.images" compile="false" type="themepak" />
    <extension point="xbmc.addon.metadata">
        <summary>These are Themes for the Death Streams Addon</summary>
        <description>Themes are maintained separately to make distribution of the the addon itself easier and faster credit to k3l3vra for some good themes.</description>
        <platform>all</platform>
    </extension>
</addon>
